Workbook

Sheet Summary
A1: Quarter | B1: DSCR | C1: Covenant | D1: Result | E1: Outstanding after half (USD)
A2: Q4_2023 | B2: =Q4_2023!D14 -> 1.42 | C2: =Q4_2023!D10 -> 1.25 | D2: =Q4_2023!D15 -> pass | E2: =Q4_2023!D12 -> 13220400
A3: Q1_2024 | B3: =Q1_2024!D14 -> 1.38 | C3: =Q1_2024!D10 -> 1.25 | D3: =Q1_2024!D15 -> pass | E3: =Q1_2024!D12 -> 12979200
A4: Q2_2024 | B4: =Q2_2024!D14 -> 1.31 | C4: =Q2_2024!D10 -> 1.25 | D4: =Q2_2024!D15 -> pass | E4: =Q2_2024!D12 -> 12979200
A5: Q3_2024 | B5: =Q3_2024!D14 -> 1.27 | C5: =Q3_2024!D10 -> 1.25 | D5: =Q3_2024!D15 -> pass | E5: =Q3_2024!D12 -> 12703700
A6: Q4_2024 | B6: =Q4_2024!D14 -> 1.24 | C6: =Q4_2024!D10 -> 1.25 | D6: =Q4_2024!D15 -> fail | E6: =Q4_2024!D12 -> 12703700
A7: Q1_2025 | B7: =Q1_2025!D14 -> 1.23 | C7: =Q1_2025!D10 -> 1.2 | D7: =Q1_2025!D15 -> pass | E7: =Q1_2025!D12 -> 12394000
A8: Q2_2025 | B8: =Q2_2025!D14 -> 1.29 | C8: =Q2_2025!D10 -> 1.2 | D8: =Q2_2025!D15 -> pass | E8: =Q2_2025!D12 -> 12394000
A9: Q3_2025 | B9: =Q3_2025!D14 -> 1.33 | C9: =Q3_2025!D10 -> 1.2 | D9: =Q3_2025!D15 -> pass | E9: =Q3_2025!D12 -> 12050000
A10: Q4_2025 | B10: =Q4_2025!D14 -> 1.36 | C10: =Q4_2025!D10 -> 1.2 | D10: =Q4_2025!D15 -> pass | E10: =Q4_2025!D12 -> 12050000
A11: Q1_2026 | B11: =Q1_2026!D14 -> 1.34 | C11: =Q1_2026!D10 -> 1.2 | D11: =Q1_2026!D15 -> pass | E11: =Q1_2026!D12 -> 11671800
A12: Q2_2026 | B12: =Q2_2026!D14 -> 1.37 | C12: =Q2_2026!D10 -> 1.2 | D12: =Q2_2026!D15 -> pass | E12: =Q2_2026!D12 -> 11671800

Sheet Q4_2023
A1: Covenant compliance test — Q4_2023
B3: Period | D3: Q4_2023
B5: CFADS (USD) | D5: 513900
B6: Principal, half-year (USD) | D6: 206900
B7: Interest, half-year (USD) | D7: 516951.05
B8: Debt service, quarter (USD) = (principal + interest) / 2 | D8: =(D6+D7)/2 -> 361925.53
B10: Covenant threshold (min DSCR) | D10: 1.25
B12: Outstanding after half (USD) | D12: 13220400
B14: DSCR = CFADS / debt service | D14: =ROUND(D5/D8,2) -> 1.42
B15: Result | D15: =IF(D14>=D10,"pass","fail") -> pass

Sheet Q1_2024
A1: Covenant compliance test — Q1_2024
B3: Period | D3: Q1_2024
B5: CFADS (USD) | D5: 526800
B6: Principal, half-year (USD) | D6: 241200
B7: Interest, half-year (USD) | D7: 522205.8
B8: Debt service, quarter (USD) = (principal + interest) / 2 | D8: =(D6+D7)/2 -> 381702.9
B10: Covenant threshold (min DSCR) | D10: 1.25
B12: Outstanding after half (USD) | D12: 12979200
B14: DSCR = CFADS / debt service | D14: =ROUND(D5/D8,2) -> 1.38
B15: Result | D15: =IF(D14>=D10,"pass","fail") -> pass

Sheet Q2_2024
A1: Covenant compliance test — Q2_2024
B3: Period | D3: Q2_2024
B5: CFADS (USD) | D5: 500000
B6: Principal, half-year (USD) | D6: 241200
B7: Interest, half-year (USD) | D7: 522205.8
B8: Debt service, quarter (USD) = (principal + interest) / 2 | D8: =(D6+D7)/2 -> 381702.9
B10: Covenant threshold (min DSCR) | D10: 1.25
B12: Outstanding after half (USD) | D12: 12979200
B14: DSCR = CFADS / debt service | D14: =ROUND(D5/D8,2) -> 1.31
B15: Result | D15: =IF(D14>=D10,"pass","fail") -> pass

Sheet Q3_2024
A1: Covenant compliance test — Q3_2024
B3: Period | D3: Q3_2024
B5: CFADS (USD) | D5: 500500
B6: Principal, half-year (USD) | D6: 275500
B7: Interest, half-year (USD) | D7: 512678.4
B8: Debt service, quarter (USD) = (principal + interest) / 2 | D8: =(D6+D7)/2 -> 394089.2
B10: Covenant threshold (min DSCR) | D10: 1.25
B12: Outstanding after half (USD) | D12: 12703700
B14: DSCR = CFADS / debt service | D14: =ROUND(D5/D8,2) -> 1.27
B15: Result | D15: =IF(D14>=D10,"pass","fail") -> pass

Sheet Q4_2024
A1: Covenant compliance test — Q4_2024
B3: Period | D3: Q4_2024
B5: CFADS (USD) | D5: 488700
B6: Principal, half-year (USD) | D6: 275500
B7: Interest, half-year (USD) | D7: 512678.4
B8: Debt service, quarter (USD) = (principal + interest) / 2 | D8: =(D6+D7)/2 -> 394089.2
B10: Covenant threshold (min DSCR) | D10: 1.25
B12: Outstanding after half (USD) | D12: 12703700
B14: DSCR = CFADS / debt service | D14: =ROUND(D5/D8,2) -> 1.24
B15: Result | D15: =IF(D14>=D10,"pass","fail") -> fail

Sheet Q1_2025
A1: Covenant compliance test — Q1_2025
B3: Period | D3: Q1_2025
B5: CFADS (USD) | D5: 471700
B6: Principal, half-year (USD) | D6: 309700
B7: Interest, half-year (USD) | D7: 457333.2
B8: Debt service, quarter (USD) = (principal + interest) / 2 | D8: =(D6+D7)/2 -> 383516.6
B10: Covenant threshold (min DSCR) | D10: 1.2
B12: Outstanding after half (USD) | D12: 12394000
B14: DSCR = CFADS / debt service | D14: =ROUND(D5/D8,2) -> 1.23
B15: Result | D15: =IF(D14>=D10,"pass","fail") -> pass

Sheet Q2_2025
A1: Covenant compliance test — Q2_2025
B3: Period | D3: Q2_2025
B5: CFADS (USD) | D5: 494700
B6: Principal, half-year (USD) | D6: 309700
B7: Interest, half-year (USD) | D7: 457333.2
B8: Debt service, quarter (USD) = (principal + interest) / 2 | D8: =(D6+D7)/2 -> 383516.6
B10: Covenant threshold (min DSCR) | D10: 1.2
B12: Outstanding after half (USD) | D12: 12394000
B14: DSCR = CFADS / debt service | D14: =ROUND(D5/D8,2) -> 1.29
B15: Result | D15: =IF(D14>=D10,"pass","fail") -> pass

Sheet Q3_2025
A1: Covenant compliance test — Q3_2025
B3: Period | D3: Q3_2025
B5: CFADS (USD) | D5: 525500
B6: Principal, half-year (USD) | D6: 344000
B7: Interest, half-year (USD) | D7: 446184
B8: Debt service, quarter (USD) = (principal + interest) / 2 | D8: =(D6+D7)/2 -> 395092
B10: Covenant threshold (min DSCR) | D10: 1.2
B12: Outstanding after half (USD) | D12: 12050000
B14: DSCR = CFADS / debt service | D14: =ROUND(D5/D8,2) -> 1.33
B15: Result | D15: =IF(D14>=D10,"pass","fail") -> pass

Sheet Q4_2025
A1: Covenant compliance test — Q4_2025
B3: Period | D3: Q4_2025
B5: CFADS (USD) | D5: 537300
B6: Principal, half-year (USD) | D6: 344000
B7: Interest, half-year (USD) | D7: 446184
B8: Debt service, quarter (USD) = (principal + interest) / 2 | D8: =(D6+D7)/2 -> 395092
B10: Covenant threshold (min DSCR) | D10: 1.2
B12: Outstanding after half (USD) | D12: 12050000
B14: DSCR = CFADS / debt service | D14: =ROUND(D5/D8,2) -> 1.36
B15: Result | D15: =IF(D14>=D10,"pass","fail") -> pass

Sheet Q1_2026
A1: Covenant compliance test — Q1_2026
B3: Period | D3: Q1_2026
B5: CFADS (USD) | D5: 515800
B6: Principal, half-year (USD) | D6: 378200
B7: Interest, half-year (USD) | D7: 391625
B8: Debt service, quarter (USD) = (principal + interest) / 2 | D8: =(D6+D7)/2 -> 384912.5
B10: Covenant threshold (min DSCR) | D10: 1.2
B12: Outstanding after half (USD) | D12: 11671800
B14: DSCR = CFADS / debt service | D14: =ROUND(D5/D8,2) -> 1.34
B15: Result | D15: =IF(D14>=D10,"pass","fail") -> pass

Sheet Q2_2026
A1: Covenant compliance test — Q2_2026
B3: Period | D3: Q2_2026
B5: CFADS (USD) | D5: 527300
B6: Principal, half-year (USD) | D6: 378200
B7: Interest, half-year (USD) | D7: 391625
B8: Debt service, quarter (USD) = (principal + interest) / 2 | D8: =(D6+D7)/2 -> 384912.5
B10: Covenant threshold (min DSCR) | D10: 1.2
B12: Outstanding after half (USD) | D12: 11671800
B14: DSCR = CFADS / debt service | D14: =ROUND(D5/D8,2) -> 1.37
B15: Result | D15: =IF(D14>=D10,"pass","fail") -> pass

Sheet _meta
A1: DEMO — synthetic demo workbook (Company AI V0); figures are fictional
A2: generated_at | B2: 2026-10-11T18:22:15+00:00
A3: ledger_schema_version | B3: 1
A4: demo_today | B4: 2026-10-06
